,Code,Name,Geography,Area (sq km),Estimated Population mid-2022,2022 people per sq. km,Estimated Population mid-2011,2011 people per sq. km,latitude,longitude
0,K02000001,UNITED KINGDOM,Country,242494.5701,67596281,279,63285145,261,,
1,K03000001,GREAT BRITAIN,Country,228947.9162,65685738,287,61470827,268,,
2,K04000001,ENGLAND AND WALES,Country,151046.9855,60238038,399,56170927,372,,
3,E92000001,ENGLAND,Country,130310.4675,57106398,438,53107169,408,,
4,E12000001,NORTH EAST,Region,8580.7864,2683040,313,2596441,303,,
5,E06000047,County Durham,Unitary Authority,2225.861,528127,237,512994,230,54.7867,-1.5301
6,E06000005,Darlington,Unitary Authority,197.4779,109469,554,105584,535,54.5221,-1.5508
7,E06000001,Hartlepool,Unitary Authority,93.71700000000001,93861,1002,92088,983,54.6385,-1.3527
8,E06000002,Middlesbrough,Unitary Authority,53.881800000000005,148285,2752,138368,2568,54.5759,-1.2449
9,E06000057,Northumberland,Unitary Authority,5019.897800000001,324362,65,316278,63,54.9721,-2.5817
10,E06000003,Redcar and Cleveland,Unitary Authority,245.06959999999998,137175,560,135164,552,54.6185,-1.0713
11,E06000004,Stockton-on-Tees,Unitary Authority,204.9332,199966,976,191824,936,54.5229,-1.4225
12,E11000007,Tyne and Wear (Met County),Metropolitan County,539.9481,1141795,2115,1104141,2045,,
13,E08000037,Gateshead,Metropolitan District,142.3392,197722,1389,200349,1408,54.8952,-1.5835
14,E08000021,Newcastle upon Tyne,Metropolitan District,113.4515,307565,2711,279092,2460,54.9675,-1.6154
15,E08000022,North Tyneside,Metropolitan District,82.3005,210487,2558,201206,2445,55.0183,-1.568
16,E08000023,South Tyneside,Metropolitan District,64.4205,148667,2308,148164,2300,54.9469,-1.5157
17,E08000024,Sunderland,Metropolitan District,137.4364,277354,2018,275330,2003,54.9049,-1.562
18,E12000002,NORTH WEST,Region,14108.0061,7516113,533,7055961,500,,
19,E06000008,Blackburn with Darwen,Unitary Authority,137.0223,155762,1137,147657,1078,53.7443,-2.4564
20,E06000009,Blackpool,Unitary Authority,34.8708,141574,4060,142080,4074,53.8212,-3.054
21,E06000049,Cheshire East,Unitary Authority,1166.3578,406527,349,370736,318,53.0979,-2.709
22,E06000050,Cheshire West and Chester,Unitary Authority,920.018,361694,393,329526,358,53.1908,-2.8836
23,E06000063,Cumberland,Unitary Authority,3012.2075,275390,91,274546,91,54.8906,-2.9438
24,E06000006,Halton,Unitary Authority,79.0842,128964,1631,125722,1590,53.3382,-2.7984
25,E06000007,Warrington,Unitary Authority,180.628,211580,1171,202709,1122,53.3863,-2.5993
26,E06000064,Westmorland and Furness,Unitary Authority,3755.7383999999997,227643,61,225271,60,54.6556,-2.7183
27,E11000001,Greater Manchester (Met County),Metropolitan County,1275.9813000000001,2911744,2282,2685386,2105,,
28,E08000001,Bolton,Metropolitan District,139.7921,298903,2138,277296,1984,53.572,-2.4251
29,E08000002,Bury,Metropolitan District,99.46,194606,1957,185422,1864,53.6478,-2.3124
30,E08000003,Manchester,Metropolitan District,115.6485,568996,4920,502902,4349,53.4736,-2.1721
31,E08000004,Oldham,Metropolitan District,142.3448,243912,1714,225157,1582,53.5403,-2.1726
32,E08000005,Rochdale,Metropolitan District,158.1283,226992,1435,211929,1340,53.6073,-2.2557
33,E08000006,Salford,Metropolitan District,97.1974,278064,2861,234487,2412,53.4812,-2.2804
34,E08000007,Stockport,Metropolitan District,126.0404,297107,2357,283253,2247,53.4161,-2.2137
35,E08000008,Tameside,Metropolitan District,103.1542,232753,2256,219727,2130,53.4802,-2.1672
36,E08000009,Trafford,Metropolitan District,106.04469999999999,236301,2228,227091,2141,53.4656,-2.2605
37,E08000010,Wigan,Metropolitan District,188.1709,334110,1776,318122,1691,53.5073,-2.4263
38,E10000017,Lancashire,County,2893.9028000000003,1253154,433,1171558,405,,
39,E07000117,Burnley,Non-metropolitan District,110.6839,95553,863,87032,786,53.7965,-2.243
40,E07000118,Chorley,Non-metropolitan District,202.7622,118624,585,107591,531,53.7225,-2.5476
41,E07000119,Fylde,Non-metropolitan District,165.6975,83008,501,76098,459,53.8243,-3.0014
42,E07000120,Hyndburn,Non-metropolitan District,73.00659999999999,83213,1140,80549,1103,53.7453,-2.4347
43,E07000121,Lancaster,Non-metropolitan District,566.9313999999999,144446,255,137823,243,54.0482,-2.8038
44,E07000122,Pendle,Non-metropolitan District,169.38,96110,567,89576,529,53.818,-2.234
45,E07000123,Preston,Non-metropolitan District,142.2842,151582,1065,140054,984,53.7588,-2.6839
46,E07000124,Ribble Valley,Non-metropolitan District,583.1764,63107,108,57292,98,53.7973,-2.3381
47,E07000125,Rossendale,Non-metropolitan District,138.0411,71169,516,68053,493,53.7038,-2.4076
48,E07000126,South Ribble,Non-metropolitan District,113.1417,112166,991,109181,965,53.7764,-2.5578
49,E07000127,West Lancashire,Non-metropolitan District,346.6333,119367,344,110617,319,53.5125,-2.8884
50,E07000128,Wyre,Non-metropolitan District,282.16450000000003,114809,407,107692,382,53.8339,-2.9986
51,E11000002,Merseyside (Met County),Metropolitan County,652.195,1442081,2211,1380770,2117,,
52,E08000011,Knowsley,Metropolitan District,86.5001,157103,1816,145903,1687,53.4695,-2.9153
53,E08000012,Liverpool,Metropolitan District,111.8358,496770,4442,465656,4164,53.4741,-2.9229
54,E08000014,Sefton,Metropolitan District,156.5785,281027,1795,273969,1750,53.4744,-2.9251
55,E08000013,St. Helens,Metropolitan District,136.3587,184728,1355,175405,1286,53.434,-2.785
56,E08000015,Wirral,Metropolitan District,160.9219,322453,2004,319837,1988,53.3971,-3.0114
57,E12000003,YORKSHIRE AND THE HUMBER,Region,15404.4569,5541262,360,5288212,343,,
58,E06000011,East Riding of Yorkshire,Unitary Authority,2403.5994,346309,144,334673,139,53.693,-1.0308
59,E06000010,"Kingston upon Hull, City of",Unitary Authority,71.5837,268852,3756,256123,3578,53.7802,-0.2526
60,E06000012,North East Lincolnshire,Unitary Authority,192.62290000000002,157754,819,159735,829,53.5658,-0.0841
61,E06000013,North Lincolnshire,Unitary Authority,846.5402,170042,201,167516,198,53.4559,-0.7995
62,E06000065,North Yorkshire,Unitary Authority,8037.3722,623501,78,601206,75,53.9937,-1.5414
63,E06000014,York,Unitary Authority,271.9312,204551,752,197783,727,53.9545,-1.0578
64,E11000003,South Yorkshire (Met County),Metropolitan County,1551.5487,1392105,897,1343805,866,,
65,E08000016,Barnsley,Metropolitan District,329.0777,246482,749,231865,705,53.5254,-1.2869
66,E08000017,Doncaster,Metropolitan District,568.0064,311027,548,302468,533,53.4248,-1.0232
67,E08000018,Rotherham,Metropolitan District,286.5344,268354,937,257716,899,53.4163,-1.1457
68,E08000019,Sheffield,Metropolitan District,367.93019999999996,566242,1539,551756,1500,53.3811,-1.4989
69,E11000006,West Yorkshire (Met County),Metropolitan County,2029.2586,2378148,1172,2227371,1098,,
70,E08000032,Bradford,Metropolitan District,366.41970000000003,552644,1508,523115,1428,53.8437,-1.7354
71,E08000033,Calderdale,Metropolitan District,363.9609,207699,571,204170,561,53.7593,-1.8339
72,E08000034,Kirklees,Metropolitan District,408.5516,437593,1071,422970,1035,53.7517,-1.6948
73,E08000035,Leeds,Metropolitan District,551.7067,822483,1491,750683,1361,53.8358,-1.7028
74,E08000036,Wakefield,Metropolitan District,338.6197,357729,1056,326433,964,53.5994,-1.2584
75,E12000004,EAST MIDLANDS,Region,15623.5227,4934939,316,4537448,290,,
76,E06000015,Derby,Unitary Authority,78.0312,263490,3377,248943,3190,52.9149,-1.4656
77,E06000016,Leicester,Unitary Authority,73.3422,373399,5091,329627,4494,52.6355,-1.129
78,E06000061,North Northamptonshire,Unitary Authority,986.5946,363408,368,317959,322,52.4001,-0.7296
79,E06000018,Nottingham,Unitary Authority,74.6134,328513,4403,303899,4073,52.9026,-1.1782
80,E06000017,Rutland,Unitary Authority,381.8311,41151,108,37581,98,52.6704,-0.7279
81,E06000062,West Northamptonshire,Unitary Authority,1377.4108999999999,429013,311,376008,273,52.237,-0.893
82,E10000007,Derbyshire,County,2546.7562,803464,315,770688,303,,
83,E07000032,Amber Valley,Non-metropolitan District,265.4379,126944,478,122521,462,52.9844,-1.4498
84,E07000033,Bolsover,Non-metropolitan District,160.3346,81553,509,76029,474,53.1045,-1.3431
85,E07000034,Chesterfield,Non-metropolitan District,66.03529999999999,104110,1577,103788,1572,53.2951,-1.3738
86,E07000035,Derbyshire Dales,Non-metropolitan District,792.4242999999999,71752,91,71104,90,53.1201,-1.5846
87,E07000036,Erewash,Non-metropolitan District,109.6301,113080,1031,112249,1024,52.9495,-1.4418
88,E07000037,High Peak,Non-metropolitan District,539.1433999999999,91109,169,90982,169,53.3482,-1.6896
89,E07000038,North East Derbyshire,Non-metropolitan District,275.6237,103783,377,99100,360,53.1237,-1.4867
90,E07000039,South Derbyshire,Non-metropolitan District,338.12690000000003,111133,329,94915,281,52.7745,-1.5579
91,E10000018,Leicestershire,County,2082.8939,722155,347,651179,313,,
92,E07000129,Blaby,Non-metropolitan District,130.4687,104182,799,94132,721,52.5354,-1.3328
93,E07000130,Charnwood,Non-metropolitan District,279.0426,184748,662,165876,594,52.7704,-1.2023
94,E07000131,Harborough,Non-metropolitan District,591.7966,100481,170,85699,145,52.6726,-0.8872
95,E07000132,Hinckley and Bosworth,Non-metropolitan District,297.3514,114298,384,105328,354,52.5593,-1.4833
96,E07000133,Melton,Non-metropolitan District,481.38059999999996,52433,109,50495,105,52.7526,-0.8817
97,E07000134,North West Leicestershire,Non-metropolitan District,279.3279,107672,385,93670,335,52.6778,-1.5615
98,E07000135,Oadby and Wigston,Non-metropolitan District,23.5261,58341,2480,55979,2379,52.586,-1.11
99,E10000019,Lincolnshire,County,5937.3375,775524,131,714768,120,,
100,E07000136,Boston,Non-metropolitan District,364.00849999999997,70806,195,64615,178,53.0664,-0.1994
101,E07000137,East Lindsey,Non-metropolitan District,1766.7735999999998,144415,82,136683,77,53.5048,-0.063
102,E07000138,Lincoln,Non-metropolitan District,35.6901,102545,2873,93085,2608,53.2456,-0.5588
103,E07000139,North Kesteven,Non-metropolitan District,922.4714,119709,130,108518,118,53.1553,-0.2947
104,E07000140,South Holland,Non-metropolitan District,750.0762,96983,129,88390,118,52.7875,-0.2632
105,E07000141,South Kesteven,Non-metropolitan District,942.5857000000001,144249,153,134125,142,52.9273,-0.7598
106,E07000142,West Lindsey,Non-metropolitan District,1155.732,96817,84,89352,77,53.5109,-0.7409
107,E10000024,Nottinghamshire,County,2084.7117000000003,834822,400,786796,377,,
108,E07000170,Ashfield,Non-metropolitan District,109.5581,127179,1161,119522,1091,53.0704,-1.3348
109,E07000171,Bassetlaw,Non-metropolitan District,637.8035,120012,188,113003,177,53.4451,-0.8494
110,E07000172,Broxtowe,Non-metropolitan District,80.0988,112113,1400,109749,1370,52.9793,-1.2905
111,E07000173,Gedling,Non-metropolitan District,119.9818,117730,981,113741,948,52.9827,-1.0444
112,E07000174,Mansfield,Non-metropolitan District,76.6974,111117,1449,104551,1363,53.1365,-1.2293
113,E07000175,Newark and Sherwood,Non-metropolitan District,651.3403,125089,192,114982,177,53.2579,-0.7132
114,E07000176,Rushcliffe,Non-metropolitan District,409.2318,121582,297,111248,272,52.8416,-1.2667
115,E12000005,WEST MIDLANDS,Region,12998.2645,6021653,463,5608667,431,,
116,E06000019,"Herefordshire, County of",Unitary Authority,2179.7085,188719,87,183619,84,51.8986,-2.4652
117,E06000051,Shropshire,Unitary Authority,3197.2756,327178,102,307108,96,52.9924,-2.3818
118,E06000021,Stoke-on-Trent,Unitary Authority,93.44850000000001,259965,2782,248719,2662,52.9811,-2.1159
119,E06000020,Telford and Wrekin,Unitary Authority,290.3137,188871,651,166831,575,52.7265,-2.6135
120,E10000028,Staffordshire,County,2620.2884,886284,338,849546,324,,
121,E07000192,Cannock Chase,Non-metropolitan District,78.8825,101140,1282,97582,1237,52.6871,-2.0284
122,E07000193,East Staffordshire,Non-metropolitan District,386.9593,125760,325,113858,294,52.8209,-1.6658
123,E07000194,Lichfield,Non-metropolitan District,331.2944,108352,327,100911,305,52.5903,-1.8685
124,E07000195,Newcastle-under-Lyme,Non-metropolitan District,210.9571,125297,594,123878,587,53.0527,-2.3767
125,E07000196,South Staffordshire,Non-metropolitan District,407.32239999999996,111527,274,108318,266,52.426,-2.1913
126,E07000197,Stafford,Non-metropolitan District,598.1722,138670,232,130895,219,52.9123,-2.0336
127,E07000198,Staffordshire Moorlands,Non-metropolitan District,575.8498000000001,95899,167,97209,169,53.1372,-2.1697
128,E07000199,Tamworth,Non-metropolitan District,30.850700000000003,79639,2581,76895,2492,52.629,-1.687
129,E10000031,Warwickshire,County,1975.0763,607604,308,546554,277,,
130,E07000218,North Warwickshire,Non-metropolitan District,284.2614,65946,232,62089,218,52.4996,-1.709
131,E07000219,Nuneaton and Bedworth,Non-metropolitan District,78.9503,135481,1716,125409,1588,52.5268,-1.4608
132,E07000220,Rugby,Non-metropolitan District,351.11330000000004,116436,332,100496,286,52.49,-1.3873
133,E07000221,Stratford-on-Avon,Non-metropolitan District,977.8692,138583,142,120824,124,52.3592,-1.887
134,E07000222,Warwick,Non-metropolitan District,282.8821,151158,534,137736,487,52.3551,-1.7111
135,E11000005,West Midlands (Met County),Metropolitan County,901.6396000000001,2953816,3276,2739733,3039,,
136,E08000025,Birmingham,Metropolitan District,267.7912,1157603,4323,1074283,4012,52.4706,-1.875
137,E08000026,Coventry,Metropolitan District,98.6392,355600,3605,316915,3213,52.4103,-1.5094
138,E08000027,Dudley,Metropolitan District,97.95819999999999,324969,3317,313261,3198,52.4487,-2.028
139,E08000028,Sandwell,Metropolitan District,85.55879999999999,344210,4023,309042,3612,52.4875,-1.949
140,E08000029,Solihull,Metropolitan District,178.282,217678,1221,206856,1160,52.4068,-1.8688
141,E08000030,Walsall,Metropolitan District,103.9736,286105,2752,269524,2592,52.561,-1.9434
142,E08000031,Wolverhampton,Metropolitan District,69.4366,267651,3855,249852,3598,52.5466,-2.1114
143,E10000034,Worcestershire,County,1740.5139000000001,609216,350,566557,326,,
144,E07000234,Bromsgrove,Non-metropolitan District,216.96830000000003,100076,461,93732,432,52.4043,-1.8888
145,E07000235,Malvern Hills,Non-metropolitan District,577.071,81024,140,74706,129,52.3266,-2.3241
146,E07000236,Redditch,Non-metropolitan District,54.2509,87132,1606,84318,1554,52.288,-1.8868
147,E07000237,Worcester,Non-metropolitan District,33.2781,104120,3129,98679,2965,52.1967,-2.217
148,E07000238,Wychavon,Non-metropolitan District,663.5418,134536,203,117074,176,52.2285,-1.9247
149,E07000239,Wyre Forest,Non-metropolitan District,195.40380000000002,102328,524,98048,502,52.3871,-2.2505
150,E12000006,EAST,Region,19115.5915,6398497,335,5862418,307,,
151,E06000055,Bedford,Unitary Authority,476.4082,187466,393,157840,331,52.1344,-0.4756
152,E06000056,Central Bedfordshire,Unitary Authority,715.6655000000001,301501,421,255644,357,51.8479,-0.4474
153,E06000032,Luton,Unitary Authority,43.3526,226973,5236,203641,4697,51.88,-0.4229
154,E06000031,Peterborough,Unitary Authority,343.3782,217705,634,184457,537,52.5726,-0.2456
155,E06000033,Southend-on-Sea,Unitary Authority,41.6742,180915,4341,174274,4182,51.552,0.6778
156,E06000034,Thurrock,Unitary Authority,163.8371,176877,1080,158268,966,51.5661,0.3302
157,E10000003,Cambridgeshire,County,3046.2357,689109,226,622312,204,,
158,E07000008,Cambridge,Non-metropolitan District,40.6989,146995,3612,122725,3015,52.1923,0.1372
159,E07000009,East Cambridgeshire,Non-metropolitan District,651.286,89394,137,84245,129,52.2781,0.3294
160,E07000010,Fenland,Non-metropolitan District,546.4502,103035,189,95461,175,52.4293,0.092
161,E07000011,Huntingdonshire,Non-metropolitan District,906.176,184052,203,170039,188,52.2822,-0.4021
162,E07000012,South Cambridgeshire,Non-metropolitan District,901.6246000000001,165633,184,149842,166,52.0775,0.1881
163,E10000012,Essex,County,3458.4257000000002,1519509,439,1396599,404,,
164,E07000066,Basildon,Non-metropolitan District,110.001,188848,1717,174971,1591,51.6343,0.4269
165,E07000067,Braintree,Non-metropolitan District,611.7079,157681,258,147514,241,52.0606,0.4273
166,E07000068,Brentwood,Non-metropolitan District,153.1241,77332,505,73841,482,51.5991,0.3806
167,E07000069,Castle Point,Non-metropolitan District,44.673500000000004,89731,2009,87964,1969,51.5771,0.593
168,E07000070,Chelmsford,Non-metropolitan District,338.75800000000004,183326,541,168491,497,51.6438,0.4473
169,E07000071,Colchester,Non-metropolitan District,328.2239,194394,592,173614,529,51.7971,0.8222
170,E07000072,Epping Forest,Non-metropolitan District,338.98400000000004,134989,398,124880,368,51.687,0.2931
171,E07000073,Harlow,Non-metropolitan District,30.5379,94409,3092,82177,2691,51.7832,0.1323
172,E07000074,Maldon,Non-metropolitan District,357.8158,67554,189,61720,172,51.6625,0.8295
173,E07000075,Rochford,Non-metropolitan District,167.0927,87216,522,83333,499,51.6215,0.5641
174,E07000076,Tendring,Non-metropolitan District,336.3244,151451,450,138062,411,51.9457,1.0607
175,E07000077,Uttlesford,Non-metropolitan District,641.1825,92578,144,80032,125,52.0215,0.2392
176,E10000015,Hertfordshire,County,1643.0647,1204588,733,1119824,682,,
177,E07000095,Broxbourne,Non-metropolitan District,51.4422,99103,1926,93702,1822,51.7287,-0.0253
178,E07000096,Dacorum,Non-metropolitan District,212.47619999999998,156123,735,145298,684,51.7881,-0.4386
179,E07000242,East Hertfordshire,Non-metropolitan District,475.66949999999997,151635,319,138155,290,51.8155,-0.179
180,E07000098,Hertsmere,Non-metropolitan District,101.12809999999999,108106,1069,100379,993,51.7219,-0.2816
181,E07000099,North Hertfordshire,Non-metropolitan District,375.3821,134159,357,127494,340,51.8359,-0.3038
182,E07000240,St Albans,Non-metropolitan District,161.2059,148358,920,141248,876,51.7453,-0.3286
183,E07000243,Stevenage,Non-metropolitan District,25.9692,89737,3456,84247,3244,51.8961,-0.203
184,E07000102,Three Rivers,Non-metropolitan District,88.8242,94123,1060,87921,990,51.623,-0.3683
185,E07000103,Watford,Non-metropolitan District,21.4304,103031,4808,90653,4230,51.6569,-0.3987
186,E07000241,Welwyn Hatfield,Non-metropolitan District,129.5369,120213,928,110727,855,51.7643,-0.2263
187,E10000020,Norfolk,County,5383.5799,925299,172,859426,160,,
188,E07000143,Breckland,Non-metropolitan District,1305.1166,143479,110,131009,100,52.4093,0.9942
189,E07000144,Broadland,Non-metropolitan District,552.0608,133872,242,124740,226,52.7206,1.2992
190,E07000145,Great Yarmouth,Non-metropolitan District,174.31419999999997,99862,573,97424,559,52.6493,1.5686
191,E07000146,King's Lynn and West Norfolk,Non-metropolitan District,1439.5227,155741,108,147936,103,52.5075,0.3349
192,E07000147,North Norfolk,Non-metropolitan District,965.9669,103227,107,101664,105,52.7784,1.3576
193,E07000148,Norwich,Non-metropolitan District,39.0222,144525,3704,132158,3387,52.6266,1.3093
194,E07000149,South Norfolk,Non-metropolitan District,907.5764999999999,144593,159,124495,137,52.4327,1.3601
195,E10000029,Suffolk,County,3799.9696999999996,768555,202,730133,192,,
196,E07000200,Babergh,Non-metropolitan District,593.7241,94277,159,87901,148,52.0612,0.7481
197,E07000244,East Suffolk,Non-metropolitan District,1260.9896,247080,196,239946,190,52.0348,1.2345
198,E07000202,Ipswich,Non-metropolitan District,39.509699999999995,139247,3524,133729,3385,52.0235,1.2113
199,E07000203,Mid Suffolk,Non-metropolitan District,871.0708,105723,121,97076,111,52.2011,1.2418
200,E07000245,West Suffolk,Non-metropolitan District,1034.6755,182228,176,171481,166,52.3567,0.4197
201,E12000007,LONDON,Region,1572.0316,8866180,5640,8204407,5219,,
202,E09000007,Camden,London Borough,21.789499999999997,218049,10007,220087,10101,51.5182,-0.1095
203,E09000001,City of London,London Borough,2.8904,10847,3753,7412,2564,51.5116,-0.0735
204,E09000012,Hackney,London Borough,19.0471,261491,13729,247182,12977,51.5244,-0.0777
205,E09000013,Hammersmith and Fulham,London Borough,16.403599999999997,185238,11293,182445,11122,51.5272,-0.2358
206,E09000014,Haringey,London Borough,29.598499999999998,261811,8845,255540,8634,51.5925,-0.1436
207,E09000019,Islington,London Borough,14.8567,220373,14833,206285,13885,51.5246,-0.112
208,E09000020,Kensington and Chelsea,London Borough,12.1257,146154,12053,158251,13051,51.4847,-0.1836
209,E09000022,Lambeth,London Borough,26.808000000000003,316812,11818,304481,11358,51.5028,-0.1186
210,E09000023,Lewisham,London Borough,35.1483,298653,8497,276938,7879,51.4495,0.012
211,E09000025,Newham,London Borough,36.198,358645,9908,310460,8577,51.5519,0.0462
212,E09000028,Southwark,London Borough,28.8765,311913,10802,288717,9998,51.4984,-0.1028
213,E09000030,Tower Hamlets,London Borough,19.771,325789,16478,256012,12949,51.5136,-0.0498
214,E09000032,Wandsworth,London Borough,34.257,329035,9605,307710,8982,51.4645,-0.1643
215,E09000033,Westminster,London Borough,21.4771,211365,9841,219582,10224,51.5203,-0.1651
216,E09000002,Barking and Dagenham,London Borough,36.1015,219992,6094,187029,5181,51.5293,0.0944
217,E09000003,Barnet,London Borough,86.7481,389101,4485,357538,4122,51.643,-0.171
218,E09000004,Bexley,London Borough,60.5784,247835,4091,232774,3843,51.4242,0.1022
219,E09000005,Brent,London Borough,43.233000000000004,341221,7893,312245,7222,51.5398,-0.3017
220,E09000006,Bromley,London Borough,150.1303,329578,2195,310554,2069,51.4012,0.0168
221,E09000008,Croydon,London Borough,86.49680000000001,392224,4535,364815,4218,51.3751,-0.0959
222,E09000009,Ealing,London Borough,55.5445,369937,6660,339314,6109,51.5275,-0.2608
223,E09000010,Enfield,London Borough,80.8308,327224,4048,313935,3884,51.6503,-0.0546
224,E09000011,Greenwich,London Borough,47.306999999999995,291080,6153,255483,5401,51.4891,0.0081
225,E09000015,Harrow,London Borough,50.4635,261185,5176,240499,4766,51.5852,-0.3297
226,E09000016,Havering,London Borough,112.3414,264703,2356,237927,2118,51.5619,0.2164
227,E09000017,Hillingdon,London Borough,115.70049999999999,310681,2685,275499,2381,51.5552,-0.3872
228,E09000018,Hounslow,London Borough,55.970299999999995,290488,5190,254927,4555,51.456,-0.3366
229,E09000021,Kingston upon Thames,London Borough,37.2652,168302,4516,160436,4305,51.4112,-0.3011
230,E09000024,Merton,London Borough,37.6248,214709,5707,200543,5330,51.4046,-0.1644
231,E09000026,Redbridge,London Borough,56.4035,310911,5512,281395,4989,51.5756,0.0275
232,E09000027,Richmond upon Thames,London Borough,57.393699999999995,194894,3396,187527,3267,51.4146,-0.3101
233,E09000029,Sutton,London Borough,43.84270000000001,210053,4791,191123,4359,51.3823,-0.1329
234,E09000031,Waltham Forest,London Borough,38.8082,275887,7109,259742,6693,51.576,-0.007
235,E12000008,SOUTH EAST,Region,19071.8507,9379833,492,8652784,454,,
236,E06000036,Bracknell Forest,Unitary Authority,109.3843,126881,1160,113696,1039,51.3407,-0.7705
237,E06000043,Brighton and Hove,Unitary Authority,82.833,277965,3356,272952,3295,50.8263,-0.1408
238,E06000046,Isle of Wight,Unitary Authority,379.6199,140794,371,138392,365,50.6939,-1.2965
239,E06000035,Medway,Unitary Authority,193.71419999999998,282702,1459,264885,1367,51.3861,0.5074
240,E06000042,Milton Keynes,Unitary Authority,308.6265,292180,947,249895,810,52.0317,-0.687
241,E06000044,Portsmouth,Unitary Authority,40.3816,208420,5161,205433,5087,50.7991,-1.0884
242,E06000038,Reading,Unitary Authority,40.3979,174820,4327,155339,3845,51.4575,-0.9693
243,E06000039,Slough,Unitary Authority,32.5421,159182,4892,140713,4324,51.5083,-0.5846
244,E06000045,Southampton,Unitary Authority,49.8807,252689,5066,235870,4729,50.9071,-1.3998
245,E06000037,West Berkshire,Unitary Authority,704.1828999999999,162215,230,154148,219,51.5251,-1.4154
246,E06000040,Windsor and Maidenhead,Unitary Authority,196.50169999999997,154738,787,145098,738,51.4705,-0.8228
247,E06000041,Wokingham,Unitary Authority,178.96900000000002,180967,1011,154943,866,51.4755,-0.8605
248,E06000060,Buckinghamshire,Unitary Authority,1564.9377,560409,358,506550,324,51.6222,-0.7704
249,E10000011,East Sussex,County,1708.6319,550720,322,527209,309,,
250,E07000061,Eastbourne,Non-metropolitan District,44.1614,102247,2315,99308,2249,50.7395,0.2258
251,E07000062,Hastings,Non-metropolitan District,29.7964,90622,3041,90173,3026,50.8558,0.5781
252,E07000063,Lewes,Non-metropolitan District,292.107,100677,345,97584,334,50.795,-0.0181
253,E07000064,Rother,Non-metropolitan District,509.4414,94162,185,90729,178,50.8295,0.3925
254,E07000065,Wealden,Non-metropolitan District,833.1257,163012,196,149415,179,50.752,0.2067
255,E10000014,Hampshire,County,3678.3567,1416808,385,1322118,359,,
256,E07000084,Basingstoke and Deane,Non-metropolitan District,633.8086,187817,296,168550,266,51.1913,-0.989
257,E07000085,East Hampshire,Non-metropolitan District,514.4274,127319,247,116010,226,51.1351,-0.7815
258,E07000086,Eastleigh,Non-metropolitan District,79.69149999999999,138935,1743,125852,1579,50.9515,-1.3609
259,E07000087,Fareham,Non-metropolitan District,74.2526,114547,1543,111931,1507,50.8115,-1.2179
260,E07000088,Gosport,Non-metropolitan District,25.3739,82285,3243,82669,3258,50.7953,-1.1183
261,E07000089,Hart,Non-metropolitan District,215.2651,100910,469,91662,426,51.2349,-0.8211
262,E07000090,Havant,Non-metropolitan District,55.7408,124854,2240,120783,2167,50.8473,-0.9361
263,E07000091,New Forest,Non-metropolitan District,752.1755,175942,234,176789,235,50.7523,-1.6862
264,E07000092,Rushmoor,Non-metropolitan District,39.045100000000005,101060,2588,94354,2417,51.2486,-0.7611
265,E07000093,Test Valley,Non-metropolitan District,627.6055,132871,212,116698,186,51.1977,-1.3421
266,E07000094,Winchester,Non-metropolitan District,660.9707000000001,130268,197,116820,177,51.0138,-1.0861
267,E10000016,Kent,County,3544.3951,1593191,449,1466466,414,,
268,E07000105,Ashford,Non-metropolitan District,580.6174,135610,234,118405,204,51.2441,0.9882
269,E07000106,Canterbury,Non-metropolitan District,308.7527,157550,510,150600,488,51.2844,1.0944
270,E07000107,Dartford,Non-metropolitan District,72.72579999999999,118820,1634,97604,1342,51.4137,0.2078
271,E07000108,Dover,Non-metropolitan District,315.3378,117473,373,111718,354,51.2736,1.3339
272,E07000112,Folkestone and Hythe,Non-metropolitan District,356.9211,110237,309,108199,303,51.1487,1.1956
273,E07000109,Gravesham,Non-metropolitan District,98.9913,106970,1081,101766,1028,51.4426,0.3677
274,E07000110,Maidstone,Non-metropolitan District,393.3293,180428,459,155764,396,51.2428,0.78
275,E07000111,Sevenoaks,Non-metropolitan District,369.23080000000004,121106,328,115351,312,51.3261,0.1041
276,E07000113,Swale,Non-metropolitan District,373.43660000000006,154619,414,136324,365,51.312,1.0115
277,E07000114,Thanet,Non-metropolitan District,103.6091,140689,1358,134402,1297,51.3602,1.4368
278,E07000115,Tonbridge and Malling,Non-metropolitan District,240.11450000000002,133661,557,121087,504,51.3428,0.3966
279,E07000116,Tunbridge Wells,Non-metropolitan District,331.3287,116028,350,115246,348,51.1642,0.3069
280,E10000025,Oxfordshire,County,2604.9263,738276,283,654791,251,,
281,E07000177,Cherwell,Non-metropolitan District,588.7454,164155,279,142252,242,51.8393,-1.0524
282,E07000178,Oxford,Non-metropolitan District,45.602700000000006,163257,3580,150245,3295,51.7502,-1.2674
283,E07000179,South Oxfordshire,Non-metropolitan District,678.4922,151820,224,134961,199,51.6669,-0.9253
284,E07000180,Vale of White Horse,Non-metropolitan District,577.6639,142116,246,121891,211,51.6896,-1.6802
285,E07000181,West Oxfordshire,Non-metropolitan District,714.4221000000001,116928,164,105442,148,51.987,-1.6647
286,E10000030,Surrey,County,1662.5175,1214540,731,1135367,683,,
287,E07000207,Elmbridge,Non-metropolitan District,95.0521,140024,1473,131428,1383,51.3766,-0.3373
288,E07000208,Epsom and Ewell,Non-metropolitan District,34.0791,81184,2382,75191,2206,51.3353,-0.2624
289,E07000209,Guildford,Non-metropolitan District,270.9311,145673,538,137580,508,51.2334,-0.732
290,E07000210,Mole Valley,Non-metropolitan District,258.3213,87769,340,85637,332,51.2992,-0.3901
291,E07000211,Reigate and Banstead,Non-metropolitan District,129.1439,153629,1190,138375,1071,51.2897,-0.1435
292,E07000212,Runnymede,Non-metropolitan District,78.0407,88524,1134,80501,1032,51.3623,-0.5711
293,E07000213,Spelthorne,Non-metropolitan District,44.888000000000005,103551,2307,95852,2135,51.3878,-0.4276
294,E07000214,Surrey Heath,Non-metropolitan District,95.09299999999999,91237,959,86378,908,51.284,-0.7139
295,E07000215,Tandridge,Non-metropolitan District,248.19459999999998,88707,357,83178,335,51.3077,-0.0832
296,E07000216,Waverley,Non-metropolitan District,345.17019999999997,130063,377,121754,353,51.2118,-0.7687
297,E07000217,Woking,Non-metropolitan District,63.603500000000004,104179,1638,99493,1564,51.3177,-0.5559
298,E10000032,West Sussex,County,1991.0517000000002,892336,448,808919,406,,
299,E07000223,Adur,Non-metropolitan District,42.0656,64688,1538,61334,1458,50.8349,-0.3577
300,E07000224,Arun,Non-metropolitan District,220.99099999999999,166366,753,149811,678,50.8132,-0.4408
301,E07000225,Chichester,Non-metropolitan District,786.195,126103,160,113995,145,50.8672,-0.656
302,E07000226,Crawley,Non-metropolitan District,44.971199999999996,119509,2657,107053,2380,51.1169,-0.1882
303,E07000227,Horsham,Non-metropolitan District,530.2785,148696,280,131540,248,50.9078,-0.5308
304,E07000228,Mid Sussex,Non-metropolitan District,334.0295,154930,464,140188,420,50.8798,-0.2103
305,E07000229,Worthing,Non-metropolitan District,32.520900000000005,112044,3445,104998,3229,50.8141,-0.3707
306,E12000009,SOUTH WEST,Region,23835.9571,5764881,242,5300831,222,,
307,E06000022,Bath and North East Somerset,Unitary Authority,345.8783,195618,566,175538,508,51.3788,-2.3556
308,E06000058,"Bournemouth, Christchurch and Poole",Unitary Authority,162.07,401898,2480,379441,2341,50.7458,-1.9048
309,E06000023,"Bristol, City of",Unitary Authority,109.66680000000001,479024,4368,428074,3903,51.4914,-2.5948
310,E06000052,Cornwall,Unitary Authority,3545.4344,575413,162,533760,151,50.7547,-4.457
311,E06000059,Dorset,Unitary Authority,2490.9567,383274,154,365897,147,50.6411,-2.4809
312,E06000053,Isles of Scilly,Unitary Authority,16.3177,2281,140,2224,136,49.9225,-6.2831
313,E06000024,North Somerset,Unitary Authority,373.7493,219145,586,203091,543,51.4155,-2.6292
314,E06000026,Plymouth,Unitary Authority,79.8496,266862,3342,256589,3213,50.3711,-4.1387
315,E06000066,Somerset,Unitary Authority,3450.2893,576852,167,531581,154,51.0234,-3.1096
316,E06000025,South Gloucestershire,Unitary Authority,497.05080000000004,294765,593,263417,530,51.4354,-2.376
317,E06000030,Swindon,Unitary Authority,230.09330000000003,235657,1024,209709,911,51.5651,-1.7832
318,E06000027,Torbay,Unitary Authority,62.8869,139479,2218,131193,2086,50.463,-3.5256
319,E06000054,Wiltshire,Unitary Authority,3255.3379999999997,515885,158,474319,146,51.2566,-2.2474
320,E10000008,Devon,County,6563.8439,826319,126,747709,114,,
321,E07000040,East Devon,Non-metropolitan District,814.2384,154500,190,133272,164,50.7348,-2.9555
322,E07000041,Exeter,Non-metropolitan District,47.033100000000005,134939,2869,117063,2489,50.7228,-3.5319
323,E07000042,Mid Devon,Non-metropolitan District,912.9008,83786,92,77936,85,50.8785,-3.178
324,E07000043,North Devon,Non-metropolitan District,1085.8924,100505,93,93976,87,50.9172,-3.7036
325,E07000044,South Hams,Non-metropolitan District,886.5469,89812,101,83563,94,50.5372,-3.8781
326,E07000045,Teignbridge,Non-metropolitan District,673.7596000000001,135952,202,124271,184,50.6904,-3.5334
327,E07000046,Torridge,Non-metropolitan District,983.8005,68635,70,63973,65,50.9094,-3.9137
328,E07000047,West Devon,Non-metropolitan District,1159.6722,58190,50,53655,46,50.7572,-3.8448
329,E10000013,Gloucestershire,County,2652.5321000000004,652409,246,598289,226,,
330,E07000078,Cheltenham,Non-metropolitan District,46.596000000000004,119434,2563,115645,2482,51.8936,-2.0774
331,E07000079,Cotswold,Non-metropolitan District,1164.5244,91311,78,83180,71,51.6485,-2.3039
332,E07000080,Forest of Dean,Non-metropolitan District,525.9019999999999,87937,167,82200,156,51.8025,-2.4502
333,E07000081,Gloucester,Non-metropolitan District,40.553000000000004,133522,3293,121921,3006,51.8651,-2.2437
334,E07000082,Stroud,Non-metropolitan District,460.5423,123205,268,113074,246,51.7442,-2.2836
335,E07000083,Tewkesbury,Non-metropolitan District,414.4144,97000,234,82269,199,51.906,-2.2885
336,W92000004,WALES,Country,20736.518,3131640,151,3063758,148,,
337,W06000001,Isle of Anglesey,Unitary Authority,712.0650999999999,69049,97,69913,98,53.2634,-4.0926
338,W06000002,Gwynedd,Unitary Authority,2535.1434,117591,46,121523,48,52.9716,-3.4518
339,W06000003,Conwy,Unitary Authority,1125.8225,114290,102,115326,102,53.1786,-3.4875
340,W06000004,Denbighshire,Unitary Authority,836.9177000000001,96558,115,93919,112,53.1116,-3.192
341,W06000005,Flintshire,Unitary Authority,439.8302,155319,353,152666,347,53.1938,-2.9298
342,W06000006,Wrexham,Unitary Authority,503.7737,135394,269,135070,268,53.0489,-3.0001
343,W06000023,Powys,Unitary Authority,5180.6708,133891,26,133071,26,51.7936,-3.527
344,W06000008,Ceredigion,Unitary Authority,1784.9805999999999,71610,40,75293,42,52.0412,-4.4589
345,W06000009,Pembrokeshire,Unitary Authority,1618.3444,124367,77,122613,76,51.7718,-4.6511
346,W06000010,Carmarthenshire,Unitary Authority,2370.2764,189117,80,183961,78,51.7553,-4.1173
347,W06000011,Swansea,Unitary Authority,377.61449999999996,241282,639,238691,632,51.648,-3.9236
348,W06000012,Neath Port Talbot,Unitary Authority,441.24449999999996,142158,322,139880,317,51.5383,-3.7006
349,W06000013,Bridgend,Unitary Authority,250.7854,146136,583,139410,556,51.507,-3.5793
350,W06000014,Vale of Glamorgan,Unitary Authority,331.1487,133492,403,126679,383,51.4006,-3.2702
351,W06000015,Cardiff,Unitary Authority,140.9144,372089,2641,345442,2451,51.4791,-3.1781
352,W06000016,Rhondda Cynon Taf,Unitary Authority,424.1501,239018,564,234373,553,51.541,-3.2645
353,W06000024,Merthyr Tydfil,Unitary Authority,111.4462,58883,528,58851,528,51.7564,-3.443
354,W06000018,Caerphilly,Unitary Authority,277.3877,176130,635,178782,645,51.5617,-3.1523
355,W06000019,Blaenau Gwent,Unitary Authority,108.728,67014,616,69812,642,51.6826,-3.1267
356,W06000020,Torfaen,Unitary Authority,125.6984,92860,739,91190,725,51.688,-3.1102
357,W06000021,Monmouthshire,Unitary Authority,849.1441,93886,111,91508,108,51.8081,-2.6783
358,W06000022,Newport,Unitary Authority,190.4312,161506,848,145785,766,51.5334,-3.065
359,S92000003,SCOTLAND,Country,77900.9307,5447700,70,5299900,68,,
360,S12000033,Aberdeen City,Council Area,185.5713,224190,1208,222460,1199,57.1496,-2.0969
361,S12000034,Aberdeenshire,Council Area,6312.6277,263750,42,253650,40,57.0889,-2.1075
362,S12000041,Angus,Council Area,2181.4523,114660,53,116200,53,56.7849,-2.5703
363,S12000035,Argyll and Bute,Council Area,6906.8251,87920,13,88930,13,56.4376,-4.8104
364,S12000036,City of Edinburgh,Council Area,263.395,514990,1955,477940,1815,55.9292,-3.2089
365,S12000005,Clackmannanshire,Council Area,159.185,51750,325,51500,324,56.1164,-3.7937
366,S12000006,Dumfries and Galloway,Council Area,6425.834699999999,145770,23,151410,24,55.3346,-3.4448
367,S12000042,Dundee City,Council Area,59.8005,148350,2481,147200,2462,56.4622,-2.9736
368,S12000008,East Ayrshire,Council Area,1262.1315,120390,95,122690,97,55.7172,-4.3824
369,S12000045,East Dunbartonshire,Council Area,174.4891,108980,625,105000,602,55.899,-4.1945
370,S12000010,East Lothian,Council Area,679.2405,112450,166,99920,147,55.9431,-3.056
371,S12000011,East Renfrewshire,Council Area,174.24740000000003,97160,558,90810,521,55.8007,-4.277
372,S12000014,Falkirk,Council Area,297.1374,158450,533,156250,526,55.9699,-3.6512
373,S12000047,Fife,Council Area,1325.1903,371340,280,365300,276,56.4401,-2.9418
374,S12000049,Glasgow City,Council Area,174.6221,622820,3567,593060,3396,55.8749,-4.307
375,S12000017,Highland,Council Area,25653.0881,235710,9,232730,9,57.2781,-3.4591
376,S12000018,Inverclyde,Council Area,160.4385,78340,488,81220,506,55.8677,-4.6257
377,S12000019,Midlothian,Council Area,353.68230000000005,97030,274,83450,236,55.8781,-3.1886
378,S12000020,Moray,Council Area,2237.5557,94280,42,93470,42,57.4066,-3.364
379,S12000013,Na h-Eileanan Siar,Council Area,3055.5359000000003,26120,9,27690,9,58.2088,-6.3863
380,S12000021,North Ayrshire,Council Area,885.2845,133490,151,138090,156,55.7591,-4.5416
381,S12000050,North Lanarkshire,Council Area,469.99150000000003,340930,725,337720,719,55.8072,-3.7388
382,S12000023,Orkney Islands,Council Area,990.4889999999999,22020,22,21420,22,58.9833,-2.9607
383,S12000048,Perth and Kinross,Council Area,5285.6047,151120,29,146850,28,56.4608,-3.0583
384,S12000038,Renfrewshire,Council Area,261.49080000000004,184340,705,174700,668,55.8763,-4.3635
385,S12000026,Scottish Borders,Council Area,4731.7677,116820,25,113880,24,55.1128,-2.8544
386,S12000027,Shetland Islands,Council Area,1467.4775,23020,16,23240,16,60.1532,-1.1416
387,S12000028,South Ayrshire,Council Area,1222.2264,111560,91,112980,92,55.17,-4.5851
388,S12000029,South Lanarkshire,Council Area,1771.8859,327430,185,313900,177,55.7092,-3.438
389,S12000030,Stirling,Council Area,2186.1581,92530,42,90330,41,56.1865,-3.9635
390,S12000039,West Dunbartonshire,Council Area,158.7649,88270,556,90610,571,55.8938,-4.3831
391,S12000040,West Lothian,Council Area,427.7393,181720,425,175300,410,55.8873,-3.4209
392,N92000002,NORTHERN IRELAND,Country,13546.6539,1910543,141,1814318,134,,
393,N09000001,Antrim and Newtownabbey,Local Government District,571.4315,146148,256,138651,243,54.6336,-6.0494
394,N09000011,Ards and North Down,Local Government District,458.3476,164223,358,156943,342,54.6193,-5.7889
395,N09000002,"Armagh City, Banbridge and Craigavon",Local Government District,1331.6752,220271,165,200298,150,54.415,-6.152
396,N09000003,Belfast,Local Government District,132.9638,348005,2617,333895,2511,54.5657,-5.9737
397,N09000004,Causeway Coast and Glens,Local Government District,1979.5816,141316,71,140907,71,55.0751,-6.056
398,N09000005,Derry City and Strabane,Local Government District,1237.3,150836,122,148191,120,54.9882,-7.3185
399,N09000006,Fermanagh and Omagh,Local Government District,2835.9389,116994,41,113501,40,54.4852,-7.125
400,N09000007,Lisburn and Castlereagh,Local Government District,503.57599999999996,149915,298,135280,269,54.5886,-5.7802
401,N09000008,Mid and East Antrim,Local Government District,1044.5278,139200,133,135365,130,54.7156,-5.8954
402,N09000009,Mid Ulster,Local Government District,1823.0343,151001,83,139011,76,54.7582,-6.4636
403,N09000010,"Newry, Mourne and Down",Local Government District,1628.2772,182634,112,172276,106,54.4587,-5.6685
